id,first_name,last_name,email,gender
1,Renata,McNelis,rmcnelis0@abc.net.au,Male
2,Jacquelynn,Northgraves,jnorthgraves1@sakura.ne.jp,Male
3,Ralina,Odney,rodney2@adobe.com,Genderqueer
4,Odo,Grisedale,ogrisedale3@flavors.me,Male
5,Theodosia,McFaell,tmcfaell4@furl.net,Female
6,Ettore,Robens,erobens5@mlb.com,Female
7,Aggi,Pummell,apummell6@163.com,Male
8,Shoshana,Roeby,sroeby7@nifty.com,Male
9,Hannah,Moriarty,hmoriarty8@free.fr,Male
10,Niels,Bridge,nbridge9@a8.net,Male
11,Danyette,Mansbridge,dmansbridgea@hatena.ne.jp,Male
12,Berny,Gormley,bgormleyb@hatena.ne.jp,Female
13,Al,Deener,adeenerc@ca.gov,Male
14,Jennee,Longstreeth,jlongstreethd@about.com,Female
15,Tammy,Loveard,tlovearde@macromedia.com,Polygender
16,Eal,Crossdale,ecrossdalef@quantcast.com,Female
17,Jazmin,Blackaller,jblackallerg@sbwire.com,Female
18,Dolli,Goldberg,dgoldbergh@statcounter.com,Polygender
19,Tabby,Fripp,tfrippi@webmd.com,Male
20,Mahmoud,Swayte,mswaytej@prnewswire.com,Female
21,Scott,Eglise,seglisek@fc2.com,Male
22,Jewel,Curme,jcurmel@360.cn,Female
23,Norby,Baldini,nbaldinim@baidu.com,Male
24,Rees,Mosten,rmostenn@nytimes.com,Polygender
25,Sofie,Byres,sbyreso@delicious.com,Male
26,Iago,Dungay,idungayp@ask.com,Male
27,Rudolf,McMonies,rmcmoniesq@time.com,Male
28,Layne,Shimmin,lshimminr@alexa.com,Female
29,Jaimie,Lydiatt,jlydiatts@shop-pro.jp,Female
30,Devonne,Croxley,dcroxleyt@wikispaces.com,Male
31,Kym,Aikin,kaikinu@pagesperso-orange.fr,Female
32,Wildon,Rime,wrimev@cornell.edu,Male
33,Yves,Luno,ylunow@uol.com.br,Non-binary
34,Gun,Darnody,gdarnodyx@statcounter.com,Female
35,Inna,Newstead,inewsteady@linkedin.com,Polygender
36,Brigida,Hessay,bhessayz@discuz.net,Female
37,Ashlie,Bern,abern10@mit.edu,Male
38,Dulcie,Dewdney,ddewdney11@topsy.com,Male
39,Leonerd,Lettice,llettice12@vk.com,Male
40,Shae,Pitney,spitney13@wp.com,Male
41,Ambrose,Fice,afice14@icq.com,Female
42,Timothea,Shevell,tshevell15@mapquest.com,Male
43,Gwenni,Covely,gcovely16@irs.gov,Female
44,Alberta,Crew,acrew17@nsw.gov.au,Male
45,Jaquelyn,Dowgill,jdowgill18@hibu.com,Male
46,Alfy,Hanning,ahanning19@businesswire.com,Female
47,Lindie,Soitoux,lsoitoux1a@prweb.com,Genderfluid
48,Camey,Boord,cboord1b@etsy.com,Male
49,Tynan,Kelley,tkelley1c@bandcamp.com,Female
50,Therine,Fontenot,tfontenot1d@japanpost.jp,Female
51,Elysia,Barck,ebarck1e@theguardian.com,Non-binary
52,Tiffani,Werner,twerner1f@surveymonkey.com,Female
53,Leanor,Novotna,lnovotna1g@bandcamp.com,Male
54,Tilly,Klinck,tklinck1h@webeden.co.uk,Female
55,Finley,Goodier,fgoodier1i@japanpost.jp,Male
56,Rebekah,Cappell,rcappell1j@accuweather.com,Agender
57,Clare,Geall,cgeall1k@vk.com,Male
58,Armando,Snare,asnare1l@go.com,Female
59,Sauncho,Cowans,scowans1m@mediafire.com,Female
60,Gray,Worlidge,gworlidge1n@marriott.com,Male
61,Ivory,Whinney,iwhinney1o@wufoo.com,Female
62,Anson,Crimp,acrimp1p@etsy.com,Male
63,Jemmy,Itscowicz,jitscowicz1q@fema.gov,Female
64,Giraud,Dunphy,gdunphy1r@cisco.com,Female
65,Delmor,Dine-Hart,ddinehart1s@over-blog.com,Female
66,Crosby,Brummell,cbrummell1t@usda.gov,Female
67,Dorette,Tonbridge,dtonbridge1u@example.com,Male
68,Amity,Pilkington,apilkington1v@huffingtonpost.com,Male
69,Rikki,Ghio,rghio1w@harvard.edu,Female
70,Tanner,Dowry,tdowry1x@liveinternet.ru,Female
71,Salli,Colvin,scolvin1y@typepad.com,Male
72,Lynde,Wrate,lwrate1z@seesaa.net,Male
73,Andros,Buckler,abuckler20@hc360.com,Female
74,Laural,Saunderson,lsaunderson21@reuters.com,Female
75,Perle,Callendar,pcallendar22@hc360.com,Female
76,Alain,Thurley,athurley23@twitpic.com,Female
77,Lilas,Pratten,lpratten24@hatena.ne.jp,Male
78,Francklyn,Camilli,fcamilli25@cisco.com,Male
79,Stephanie,Lissemore,slissemore26@paypal.com,Female
80,Debbi,Maffioletti,dmaffioletti27@ebay.com,Female
81,Say,Chase,schase28@xrea.com,Female
82,Aggie,Batty,abatty29@illinois.edu,Male
83,Philippe,Liddiatt,pliddiatt2a@google.pl,Female
84,Julie,Clover,jclover2b@tinyurl.com,Female
85,Berti,Aylett,baylett2c@theguardian.com,Female
86,Myrna,Lomb,mlomb2d@lycos.com,Female
87,Kaine,Drache,kdrache2e@wordpress.org,Genderqueer
88,Gertrudis,Minchinden,gminchinden2f@biblegateway.com,Genderfluid
89,Yulma,Noller,ynoller2g@moonfruit.com,Female
90,Dougy,Jolliff,djolliff2h@nih.gov,Female
91,Morgen,Sandon,msandon2i@topsy.com,Male
92,Aggie,Jarrard,ajarrard2j@discovery.com,Male
93,Mabel,Whickman,mwhickman2k@usatoday.com,Male
94,Shelbi,Nealey,snealey2l@g.co,Female
95,Doreen,Whiley,dwhiley2m@51.la,Male
96,Oby,Pettie,opettie2n@ustream.tv,Male
97,Ivar,Brickhill,ibrickhill2o@sitemeter.com,Female
98,Caryl,Antonazzi,cantonazzi2p@ebay.com,Female
99,Katheryn,Hostan,khostan2q@simplemachines.org,Male
100,Timmie,Temby,ttemby2r@cnet.com,Female
101,Kendall,Lester,klester2s@storify.com,Male
102,Sophi,Pelosi,spelosi2t@netscape.com,Female
103,Jordana,Edards,jedards2u@wikia.com,Male
104,Hakeem,Cheesman,hcheesman2v@illinois.edu,Female
105,Daisi,Diboll,ddiboll2w@washington.edu,Male
106,Skip,Northway,snorthway2x@arizona.edu,Female
107,Kermy,Biddles,kbiddles2y@squarespace.com,Male
108,Jamima,Mapstone,jmapstone2z@google.com.br,Male
109,Arlie,Negus,anegus30@businessinsider.com,Non-binary
110,Darrell,Davidesco,ddavidesco31@sourceforge.net,Female
111,Waite,Bullar,wbullar32@webmd.com,Bigender
112,Bertie,Seiler,bseiler33@studiopress.com,Female
113,Elaina,Merck,emerck34@scientificamerican.com,Female
114,Moyra,Feetham,mfeetham35@archive.org,Female
115,Arnoldo,Mulvin,amulvin36@ezinearticles.com,Male
116,Mead,Whitfield,mwhitfield37@columbia.edu,Female
117,Hermia,Strafford,hstrafford38@studiopress.com,Female
118,Dolores,Roseveare,droseveare39@abc.net.au,Male
119,Forbes,Bulluck,fbulluck3a@nasa.gov,Polygender
120,Arvy,Borrington,aborrington3b@japanpost.jp,Female
121,Milzie,O'Loinn,moloinn3c@va.gov,Female
122,Micah,Dukes,mdukes3d@cdbaby.com,Agender
123,Trudie,Flag,tflag3e@cam.ac.uk,Female
124,Gwenny,Rickards,grickards3f@squidoo.com,Male
125,Dayna,Djurevic,ddjurevic3g@latimes.com,Female
126,Marna,Gunnell,mgunnell3h@java.com,Male
127,Marys,Pierson,mpierson3i@weather.com,Male
128,Tadd,Josovich,tjosovich3j@cnbc.com,Female
129,Kristine,Gilbane,kgilbane3k@xing.com,Agender
130,Lise,Duell,lduell3l@hexun.com,Genderqueer
131,Crawford,Axelbee,caxelbee3m@wikipedia.org,Female
132,Devora,Antoszczyk,dantoszczyk3n@livejournal.com,Female
133,Lura,Reinbach,lreinbach3o@so-net.ne.jp,Female
134,Dosi,Took,dtook3p@phpbb.com,Male
135,Elsinore,Mugglestone,emugglestone3q@pcworld.com,Male
136,Redford,Cregin,rcregin3r@technorati.com,Female
137,Marius,Casterou,mcasterou3s@ucoz.com,Female
138,Claire,Scotson,cscotson3t@parallels.com,Male
139,Guy,Abbett,gabbett3u@hugedomains.com,Genderfluid
140,Bobbye,Ricketts,bricketts3v@digg.com,Male
141,Kailey,Stainland,kstainland3w@yolasite.com,Female
142,Roddy,Miners,rminers3x@house.gov,Female
143,Demetris,Godley,dgodley3y@noaa.gov,Female
144,Brenden,Scoffins,bscoffins3z@arizona.edu,Non-binary
145,Reyna,Hukin,rhukin40@blogs.com,Bigender
146,Ivan,Bavester,ibavester41@goo.gl,Female
147,Gale,Edland,gedland42@newyorker.com,Female
148,Deena,Phinn,dphinn43@cafepress.com,Female
149,Gilburt,Surgener,gsurgener44@opera.com,Male
150,Morey,Drew-Clifton,mdrewclifton45@google.co.uk,Female
151,Ronald,Sheldon,rsheldon46@blogtalkradio.com,Female
152,Nancie,Ridsdale,nridsdale47@geocities.jp,Male
153,Pris,Gerling,pgerling48@apache.org,Male
154,Tani,Huxham,thuxham49@xrea.com,Bigender
155,Enos,Leidecker,eleidecker4a@google.fr,Female
156,Gabey,Pretsel,gpretsel4b@fastcompany.com,Female
157,Mill,Christin,mchristin4c@auda.org.au,Male
158,Minnaminnie,Hovenden,mhovenden4d@blogs.com,Female
159,Sal,Heads,sheads4e@utexas.edu,Male
160,Carmelina,O'Lennane,colennane4f@skype.com,Male
161,Alicia,Jenney,ajenney4g@wisc.edu,Female
162,Avery,Lodeke,alodeke4h@networkadvertising.org,Female
163,Hamnet,O' Mara,homara4i@time.com,Male
164,Milicent,Jendrach,mjendrach4j@mlb.com,Male
165,Eal,Duchatel,educhatel4k@springer.com,Male
166,Cori,Petters,cpetters4l@woothemes.com,Female
167,Bryana,Smales,bsmales4m@hexun.com,Male
168,Galina,Schleicher,gschleicher4n@delicious.com,Male
169,Eve,Trussler,etrussler4o@shutterfly.com,Genderfluid
170,Roch,Creavin,rcreavin4p@webmd.com,Female
171,Rori,Newlyn,rnewlyn4q@delicious.com,Female
172,Adria,MacDonough,amacdonough4r@amazon.co.uk,Male
173,Mylo,Shirer,mshirer4s@stanford.edu,Male
174,Jaine,Ions,jions4t@sohu.com,Agender
175,Hollyanne,Hathway,hhathway4u@opera.com,Male
176,Amelie,Kneale,akneale4v@google.ru,Genderfluid
177,Helge,Gow,hgow4w@amazon.co.uk,Male
178,Benoit,Thecham,bthecham4x@patch.com,Agender
179,Neddie,Studart,nstudart4y@themeforest.net,Female
180,Inessa,Playford,iplayford4z@economist.com,Male
181,Wendy,Crouse,wcrouse50@mtv.com,Female
182,Kliment,Fury,kfury51@biblegateway.com,Male
183,Sherilyn,Knox,sknox52@wix.com,Female
184,Madel,Scriviner,mscriviner53@marketwatch.com,Female
185,Libbie,Stoner,lstoner54@php.net,Female
186,Fianna,Moyles,fmoyles55@marketwatch.com,Male
187,Neil,Frew,nfrew56@adobe.com,Non-binary
188,Randee,Pechacek,rpechacek57@wikipedia.org,Female
189,Umberto,McCluney,umccluney58@buzzfeed.com,Female
190,Pauly,Hartles,phartles59@msn.com,Male
191,Solly,Boschmann,sboschmann5a@instagram.com,Male
192,Donielle,Vannucci,dvannucci5b@reddit.com,Male
193,Yalonda,Spicer,yspicer5c@altervista.org,Male
194,Ardeen,Screase,ascrease5d@cafepress.com,Female
195,Lissy,Loache,lloache5e@yolasite.com,Male
196,Charley,Creaven,ccreaven5f@princeton.edu,Male
197,Prentice,Bickerton,pbickerton5g@pagesperso-orange.fr,Male
198,Hobart,Blanckley,hblanckley5h@gravatar.com,Female
199,Sandro,Widdecombe,swiddecombe5i@elpais.com,Male
200,Virgil,Djuricic,vdjuricic5j@github.com,Male
201,Freddi,Red,fred5k@edublogs.org,Female
202,Herbie,Polgreen,hpolgreen5l@php.net,Male
203,Darbee,Goncalo,dgoncalo5m@example.com,Male
204,Had,Pennone,hpennone5n@dropbox.com,Female
205,Hilton,Varney,hvarney5o@barnesandnoble.com,Male
206,Fey,Sterling,fsterling5p@cbsnews.com,Female
207,Sly,Suffield,ssuffield5q@kickstarter.com,Bigender
208,Julian,Hallyburton,jhallyburton5r@posterous.com,Male
209,Flore,Dilley,fdilley5s@apache.org,Male
210,Burtie,Wollaston,bwollaston5t@youku.com,Female
211,Perri,Blaylock,pblaylock5u@globo.com,Female
212,Briny,Yare,byare5v@nhs.uk,Male
213,Chlo,Dammarell,cdammarell5w@seattletimes.com,Female
214,Ophelie,Wildbore,owildbore5x@barnesandnoble.com,Male
215,Lou,Hambright,lhambright5y@tripod.com,Male
216,Boyce,Coombe,bcoombe5z@comsenz.com,Male
217,Merill,Lannin,mlannin60@google.com.br,Polygender
218,Amandi,Dicky,adicky61@tamu.edu,Male
219,Muffin,Seaking,mseaking62@360.cn,Female
220,Corabel,Guttridge,cguttridge63@booking.com,Male
221,Mildrid,Prop,mprop64@theglobeandmail.com,Male
222,Karyl,Gilkes,kgilkes65@reference.com,Female
223,Averill,Hordell,ahordell66@zimbio.com,Female
224,Othello,Girdwood,ogirdwood67@cafepress.com,Female
225,Joy,Reinhart,jreinhart68@sphinn.com,Female
226,Yetty,Goundrill,ygoundrill69@google.ca,Female
227,Cale,Bernollet,cbernollet6a@networkadvertising.org,Male
228,Jean,Deme,jdeme6b@acquirethisname.com,Male
229,Andromache,Pirazzi,apirazzi6c@nifty.com,Female
230,Mick,Jore,mjore6d@netlog.com,Female
231,Polly,Domico,pdomico6e@shinystat.com,Genderqueer
232,Adrian,Boyne,aboyne6f@drupal.org,Bigender
233,Caresse,Reimer,creimer6g@opensource.org,Female
234,Nevsa,Wickens,nwickens6h@dailymail.co.uk,Male
235,Joane,Dowbakin,jdowbakin6i@addtoany.com,Female
236,Gamaliel,Paulley,gpaulley6j@cbslocal.com,Female
237,Latisha,Fisk,lfisk6k@weather.com,Male
238,Gabby,Simnel,gsimnel6l@reverbnation.com,Male
239,Priscella,Frampton,pframpton6m@engadget.com,Female
240,Lurline,Diggle,ldiggle6n@edublogs.org,Female
241,Chaunce,Girvan,cgirvan6o@washingtonpost.com,Female
242,Leonora,Agg,lagg6p@usgs.gov,Female
243,Violet,Pidduck,vpidduck6q@wufoo.com,Male
244,Hersh,Wellbank,hwellbank6r@usnews.com,Male
245,Vassili,O'Dunniom,vodunniom6s@umich.edu,Female
246,Grant,Lynock,glynock6t@google.ru,Male
247,Karyl,Kingsland,kkingsland6u@deliciousdays.com,Female
248,Isiahi,Capper,icapper6v@fastcompany.com,Female
249,Guglielmo,O'Lynn,golynn6w@smh.com.au,Female
250,Neddy,Dawtrey,ndawtrey6x@goo.ne.jp,Female
251,Gabie,Hovell,ghovell6y@twitpic.com,Female
252,Jeff,McGeever,jmcgeever6z@usnews.com,Female
253,Wally,Hurtic,whurtic70@amazon.com,Male
254,Sarina,Giamitti,sgiamitti71@aboutads.info,Female
255,Tonia,Pawelski,tpawelski72@nasa.gov,Female
256,Thorin,Canham,tcanham73@ox.ac.uk,Female
257,Letitia,Twatt,ltwatt74@furl.net,Male
258,Livvyy,Selwyn,lselwyn75@last.fm,Female
259,Killy,Showering,kshowering76@godaddy.com,Male
260,Norbert,Kobierra,nkobierra77@time.com,Male
261,Rozanna,Sallinger,rsallinger78@newsvine.com,Male
262,Petrina,Mariotte,pmariotte79@odnoklassniki.ru,Female
263,Peggi,Sapseed,psapseed7a@hugedomains.com,Male
264,Tuck,McOwen,tmcowen7b@epa.gov,Male
265,Denice,Yushkov,dyushkov7c@washingtonpost.com,Female
266,Bellanca,Jeandillou,bjeandillou7d@merriam-webster.com,Non-binary
267,Elsinore,Sheldon,esheldon7e@lulu.com,Female
268,Winthrop,Calvard,wcalvard7f@prnewswire.com,Female
269,Jobyna,Veal,jveal7g@photobucket.com,Female
270,Brnaba,Domenicone,bdomenicone7h@ebay.co.uk,Male
271,Jayson,Bradnock,jbradnock7i@vkontakte.ru,Male
272,Tobe,Barbie,tbarbie7j@foxnews.com,Female
273,Ignazio,Skill,iskill7k@mashable.com,Female
274,Lucky,Cattlemull,lcattlemull7l@examiner.com,Female
275,Wayland,Witts,wwitts7m@php.net,Female
276,Hilarius,Blemings,hblemings7n@twitter.com,Female
277,Sasha,Lammerich,slammerich7o@europa.eu,Male
278,Sophi,Rankling,srankling7p@de.vu,Male
279,Albert,Biss,abiss7q@arizona.edu,Female
280,Malynda,Trays,mtrays7r@aol.com,Male
281,Lorrie,Pressnell,lpressnell7s@hubpages.com,Female
282,Isiahi,Squibbes,isquibbes7t@marriott.com,Female
283,Margie,Alywen,malywen7u@taobao.com,Male
284,Veronike,Muzzall,vmuzzall7v@cbc.ca,Male
285,Verney,Tattersdill,vtattersdill7w@indiatimes.com,Male
286,Mireielle,Pinwell,mpinwell7x@senate.gov,Female
287,Gwendolyn,Doley,gdoley7y@yolasite.com,Female
288,Odella,Petrosian,opetrosian7z@patch.com,Female
289,Bruno,Insull,binsull80@discuz.net,Female
290,Tabb,Weddeburn,tweddeburn81@prweb.com,Female
291,Angel,Ropp,aropp82@usda.gov,Male
292,Wyatt,Sleightholme,wsleightholme83@vinaora.com,Female
293,Jaimie,Swaite,jswaite84@1und1.de,Male
294,Savina,Copin,scopin85@biglobe.ne.jp,Male
295,Sisile,Crat,scrat86@mashable.com,Female
296,Vasily,Blasoni,vblasoni87@foxnews.com,Female
297,Odell,Sandall,osandall88@auda.org.au,Female
298,Egbert,Franek,efranek89@bandcamp.com,Male
299,Vittoria,McCulley,vmcculley8a@sourceforge.net,Male
300,Cindelyn,Kindell,ckindell8b@wix.com,Female
301,Babara,Gallienne,bgallienne8c@google.de,Female
302,Haroun,Perton,hperton8d@state.tx.us,Male
303,Trever,Jemmett,tjemmett8e@a8.net,Female
304,Claudius,Croy,ccroy8f@mysql.com,Female
305,Cherry,Dillimore,cdillimore8g@mediafire.com,Male
306,Lev,Forri,lforri8h@fda.gov,Female
307,Carmina,Mattea,cmattea8i@umn.edu,Female
308,Vilma,Chrishop,vchrishop8j@unc.edu,Male
309,Nevsa,Simakov,nsimakov8k@yellowpages.com,Female
310,Michel,Stubbin,mstubbin8l@simplemachines.org,Female
311,Casi,Dowley,cdowley8m@jimdo.com,Female
312,Mill,Petz,mpetz8n@ocn.ne.jp,Male
313,Janna,Slaney,jslaney8o@nbcnews.com,Male
314,Glynn,Arnison,garnison8p@ihg.com,Male
315,Imogen,Isakson,iisakson8q@amazon.co.uk,Genderfluid
316,Fonz,Gillise,fgillise8r@wikispaces.com,Male
317,Julianne,Braddon,jbraddon8s@pcworld.com,Bigender
318,Janis,Westell,jwestell8t@nba.com,Male
319,Gabi,Buckberry,gbuckberry8u@springer.com,Male
320,Helen,Hembry,hhembry8v@rambler.ru,Genderqueer
321,Luelle,Littlefield,llittlefield8w@reverbnation.com,Female
322,Anastasie,Donn,adonn8x@acquirethisname.com,Male
323,Jasmine,Mackison,jmackison8y@xinhuanet.com,Male
324,Cicily,Dunsire,cdunsire8z@wordpress.org,Male
325,Dael,Castletine,dcastletine90@vistaprint.com,Male
326,Eleonore,Getch,egetch91@stanford.edu,Male
327,Lotty,Lemerle,llemerle92@deliciousdays.com,Male
328,Danella,Douglass,ddouglass93@cloudflare.com,Male
329,Wallache,Chippindall,wchippindall94@boston.com,Male
330,Lyndel,Osmar,losmar95@simplemachines.org,Female
331,Neal,Cheley,ncheley96@usda.gov,Male
332,Arabel,Bangs,abangs97@example.com,Male
333,Felicity,Berkowitz,fberkowitz98@java.com,Male
334,Kiersten,Girardet,kgirardet99@omniture.com,Male
335,Niles,Hamby,nhamby9a@blogs.com,Male
336,Shelley,Waszkiewicz,swaszkiewicz9b@php.net,Male
337,Evyn,MacKellar,emackellar9c@1und1.de,Male
338,Valencia,Gracewood,vgracewood9d@upenn.edu,Male
339,Atalanta,Lannen,alannen9e@blogger.com,Polygender
340,Giraud,Haug,ghaug9f@imdb.com,Genderqueer
341,Haskel,Meert,hmeert9g@yolasite.com,Female
342,Andres,Bunford,abunford9h@hubpages.com,Male
343,Jeremiah,Dudney,jdudney9i@nasa.gov,Female
344,Moore,Markova,mmarkova9j@sohu.com,Male
345,Gweneth,Ever,gever9k@xrea.com,Female
346,Gaylene,Brunner,gbrunner9l@angelfire.com,Female
347,Iseabal,Nelson,inelson9m@mtv.com,Female
348,Liesa,Stokell,lstokell9n@scribd.com,Female
349,Horatio,Danihel,hdanihel9o@linkedin.com,Male
350,Bevin,Bake,bbake9p@cocolog-nifty.com,Female
351,Ramon,Olwen,rolwen9q@uiuc.edu,Female
352,Anne,Nawton,anawton9r@deliciousdays.com,Agender
353,Cori,Cleverly,ccleverly9s@biglobe.ne.jp,Male
354,Art,Topley,atopley9t@ning.com,Male
355,Gusty,Masse,gmasse9u@cnn.com,Female
356,Sandro,Hoggan,shoggan9v@goodreads.com,Female
357,Dorena,Imloch,dimloch9w@godaddy.com,Male
358,Prinz,Brunotti,pbrunotti9x@elpais.com,Female
359,Elisabet,Longfut,elongfut9y@weather.com,Female
360,Gusta,Birkinshaw,gbirkinshaw9z@umich.edu,Female
361,Saloma,Scafe,sscafea0@cmu.edu,Male
362,Kayle,Raynor,kraynora1@amazon.com,Agender
363,Ailsun,Hassin,ahassina2@creativecommons.org,Female
364,Evelyn,Garfitt,egarfitta3@telegraph.co.uk,Female
365,Mathilda,Fulun,mfuluna4@miibeian.gov.cn,Male
366,Keenan,Rowbottam,krowbottama5@cisco.com,Bigender
367,Rubia,Skains,rskainsa6@stanford.edu,Male
368,Lillis,Poppleton,lpoppletona7@mapy.cz,Male
369,Otis,Hounsom,ohounsoma8@trellian.com,Female
370,Tina,Pithie,tpithiea9@is.gd,Male
371,Sauveur,Akaster,sakasteraa@acquirethisname.com,Male
372,Alta,Brimming,abrimmingab@sciencedirect.com,Female
373,Jehanna,Pennino,jpenninoac@godaddy.com,Polygender
374,Rhoda,Hiland,rhilandad@dyndns.org,Male
375,Caresa,Vedenichev,cvedenichevae@cyberchimps.com,Male
376,Brana,Bartrum,bbartrumaf@themeforest.net,Male
377,Giorgi,Kybert,gkybertag@usda.gov,Female
378,Alika,Currum,acurrumah@edublogs.org,Male
379,Benson,Swindall,bswindallai@apache.org,Male
380,Heinrik,Robey,hrobeyaj@virginia.edu,Female
381,Roxy,Newtown,rnewtownak@1und1.de,Female
382,Griffy,Bellon,gbellonal@etsy.com,Male
383,Ward,Radnedge,wradnedgeam@artisteer.com,Male
384,Darnell,Foster,dfosteran@cbsnews.com,Male
385,Pren,Kusick,pkusickao@newsvine.com,Female
386,Tremain,Stanistreet,tstanistreetap@ft.com,Male
387,Jasmina,Kilgrew,jkilgrewaq@seesaa.net,Agender
388,Brant,Simionescu,bsimionescuar@uol.com.br,Male
389,Betsy,Barrowcliff,bbarrowcliffas@eepurl.com,Male
390,Doy,Klejna,dklejnaat@opera.com,Male
391,Shel,Elks,selksau@seattletimes.com,Female
392,Coretta,Mates,cmatesav@marketwatch.com,Female
393,Hurley,Brotherhood,hbrotherhoodaw@patch.com,Male
394,Rebeca,Tennet,rtennetax@hatena.ne.jp,Male
395,Kassi,Lightbourne,klightbourneay@cyberchimps.com,Female
396,Shelley,Selcraig,sselcraigaz@aboutads.info,Male
397,Elane,Delahunty,edelahuntyb0@ebay.co.uk,Female
398,Barton,Bracknall,bbracknallb1@twitter.com,Male
399,Alonzo,Jeskins,ajeskinsb2@jugem.jp,Female
400,Abigale,Prendeguest,aprendeguestb3@ezinearticles.com,Genderqueer
401,Darby,Minillo,dminillob4@bigcartel.com,Male
402,Stephen,Dabnor,sdabnorb5@rediff.com,Male
403,Amandy,O'Carran,aocarranb6@ftc.gov,Male
404,Constance,Lythgoe,clythgoeb7@technorati.com,Female
405,Arlyn,Yandle,ayandleb8@ezinearticles.com,Female
406,Foss,Tolan,ftolanb9@hud.gov,Female
407,Greer,Faull,gfaullba@booking.com,Genderqueer
408,Shanna,Witten,swittenbb@skyrock.com,Female
409,Clarisse,Jerdon,cjerdonbc@dropbox.com,Male
410,Olenolin,Jedrzej,ojedrzejbd@mlb.com,Female
411,Miof mela,Vardon,mvardonbe@chron.com,Male
412,Noella,Tabour,ntabourbf@unc.edu,Male
413,Bartlet,Keatley,bkeatleybg@dailymotion.com,Male
414,Marv,Chilcott,mchilcottbh@google.es,Male
415,Lonni,Lippett,llippettbi@nyu.edu,Male
416,Mathilda,Swaisland,mswaislandbj@cnn.com,Male
417,Mareah,Dunnaway,mdunnawaybk@constantcontact.com,Female
418,Gustavo,Vanyakin,gvanyakinbl@disqus.com,Female
419,Joeann,Saunder,jsaunderbm@ning.com,Female
420,Adele,Battrum,abattrumbn@senate.gov,Genderqueer
421,Silvanus,Lawlance,slawlancebo@webeden.co.uk,Male
422,Rosana,Lowles,rlowlesbp@topsy.com,Female
423,Kristian,Matherson,kmathersonbq@ask.com,Agender
424,Cynthia,Nerger,cnergerbr@bbc.co.uk,Male
425,Janina,Devennie,jdevenniebs@youku.com,Female
426,Pieter,Poyntz,ppoyntzbt@businessweek.com,Male
427,Germaine,Elsworth,gelsworthbu@uiuc.edu,Female
428,Halie,Deboick,hdeboickbv@4shared.com,Male
429,Lurline,Balderstone,lbalderstonebw@shareasale.com,Non-binary
430,Crosby,Franzel,cfranzelbx@epa.gov,Female
431,Kamila,Sirmond,ksirmondby@mashable.com,Female
432,Flo,Worsnip,fworsnipbz@fema.gov,Male
433,Cassandre,Varley,cvarleyc0@theguardian.com,Female
434,Ingaberg,Padgham,ipadghamc1@ycombinator.com,Female
435,Filide,Haddrill,fhaddrillc2@parallels.com,Female
436,Fanchette,Springell,fspringellc3@usatoday.com,Male
437,Silvan,Ibbeson,sibbesonc4@icq.com,Female
438,Orelie,Haughey,ohaugheyc5@artisteer.com,Female
439,Henryetta,Ancliff,hancliffc6@ucoz.com,Male
440,Anthiathia,Sammon,asammonc7@usda.gov,Male
441,Deni,Bader,dbaderc8@sitemeter.com,Non-binary
442,Lanette,Bundock,lbundockc9@sphinn.com,Genderqueer
443,Clevey,Gwinnett,cgwinnettca@163.com,Female
444,Robbyn,Bonin,rbonincb@independent.co.uk,Male
445,Everett,Dicke,edickecc@woothemes.com,Female
446,Hurleigh,Syfax,hsyfaxcd@spotify.com,Female
447,Wally,Kersaw,wkersawce@chronoengine.com,Male
448,Jannelle,Cattonnet,jcattonnetcf@auda.org.au,Female
449,Slade,Castillon,scastilloncg@patch.com,Male
450,Lissi,Kenny,lkennych@posterous.com,Female
451,Angela,Schwandermann,aschwandermannci@flavors.me,Male
452,Natka,Borgne,nborgnecj@purevolume.com,Female
453,Lemmie,Grey,lgreyck@clickbank.net,Non-binary
454,Wenda,Dineen,wdineencl@goo.gl,Male
455,Waiter,Mawman,wmawmancm@theguardian.com,Female
456,Elyssa,Cottesford,ecottesfordcn@oaic.gov.au,Male
457,Opal,Castillo,ocastilloco@cmu.edu,Genderqueer
458,Augustus,Buddle,abuddlecp@admin.ch,Female
459,Doe,Jirick,djirickcq@umich.edu,Genderqueer
460,Lita,Edward,ledwardcr@amazonaws.com,Male
461,Jackelyn,Goding,jgodingcs@ezinearticles.com,Female
462,Pat,Parmby,pparmbyct@seesaa.net,Male
463,Sharron,Kunert,skunertcu@hao123.com,Female
464,Aube,Armstead,aarmsteadcv@com.com,Female
465,Aloysia,Monelli,amonellicw@state.tx.us,Female
466,Maura,Blackaby,mblackabycx@quantcast.com,Female
467,Emmye,Pirdy,epirdycy@etsy.com,Male
468,Bruce,Rekes,brekescz@mapquest.com,Polygender
469,Barbette,Simonich,bsimonichd0@ftc.gov,Male
470,Kaleena,Jackling,kjacklingd1@bluehost.com,Male
471,Gardner,MacFall,gmacfalld2@homestead.com,Female
472,Jeremie,Adne,jadned3@hexun.com,Bigender
473,Gilemette,Basler,gbaslerd4@fda.gov,Genderfluid
474,Julian,Koopman,jkoopmand5@independent.co.uk,Female
475,Berny,Cookman,bcookmand6@wix.com,Female
476,Prentiss,Durning,pdurningd7@cafepress.com,Female
477,Manfred,Bondesen,mbondesend8@sina.com.cn,Female
478,Donaugh,Fishleigh,dfishleighd9@barnesandnoble.com,Female
479,Tobiah,Sweynson,tsweynsonda@networksolutions.com,Female
480,Dolli,Abelevitz,dabelevitzdb@vkontakte.ru,Male
481,Darius,Spurryer,dspurryerdc@360.cn,Male
482,Tallia,McMurray,tmcmurraydd@icio.us,Female
483,Silvano,Immer,simmerde@weibo.com,Male
484,Cheri,Backman,cbackmandf@com.com,Female
485,Dalenna,Bampfield,dbampfielddg@businessweek.com,Female
486,Ameline,Romero,aromerodh@furl.net,Polygender
487,Isabelita,Chadwen,ichadwendi@narod.ru,Male
488,Anna-maria,Melvin,amelvindj@columbia.edu,Male
489,Marcy,Brown,mbrowndk@illinois.edu,Female
490,Dniren,Houlahan,dhoulahandl@wikispaces.com,Female
491,Felicia,Murkitt,fmurkittdm@xrea.com,Male
492,Sheree,Jiri,sjiridn@naver.com,Bigender
493,Svend,Caser,scaserdo@gnu.org,Female
494,Nanni,Devil,ndevildp@vimeo.com,Female
495,Arabel,Soda,asodadq@free.fr,Female
496,Patty,Chevolleau,pchevolleaudr@sfgate.com,Polygender
497,Donny,Reiling,dreilingds@telegraph.co.uk,Genderfluid
498,Artair,Noquet,anoquetdt@ucla.edu,Male
499,Cthrine,Butfield,cbutfielddu@godaddy.com,Female
500,Nikita,Kamien,nkamiendv@tumblr.com,Male
501,Jethro,Friedank,jfriedankdw@ovh.net,Male
502,Gardner,McBayne,gmcbaynedx@alexa.com,Female
503,Law,Cottrill,lcottrilldy@hibu.com,Male
504,Stanton,Mealand,smealanddz@ocn.ne.jp,Female
505,Horton,Razoux,hrazouxe0@free.fr,Female
506,Dot,Wyd,dwyde1@bandcamp.com,Male
507,Rem,Edensor,redensore2@hp.com,Male
508,Vaughan,Ghione,vghionee3@taobao.com,Male
509,Lauraine,Tregiddo,ltregiddoe4@istockphoto.com,Genderfluid
510,Field,Wheelwright,fwheelwrighte5@mysql.com,Male
511,Billye,Blumer,bblumere6@cloudflare.com,Male
512,Janeen,Boyington,jboyingtone7@ehow.com,Agender
513,Sollie,Lowth,slowthe8@about.com,Male
514,Tomas,Stabbins,tstabbinse9@networksolutions.com,Female
515,Sherri,Bene,sbeneea@g.co,Male
516,Ursuline,Beadel,ubeadeleb@nature.com,Male
517,Laurella,Guillart,lguillartec@uiuc.edu,Female
518,Karlotte,Sancraft,ksancrafted@google.de,Female
519,Caryn,Grist,cgristee@exblog.jp,Female
520,Alfonse,Roberti,arobertief@ow.ly,Female
521,Ursala,Karp,ukarpeg@cloudflare.com,Female
522,Roxanne,MacGilmartin,rmacgilmartineh@sphinn.com,Female
523,Sterne,Bridywater,sbridywaterei@reference.com,Female
524,Torrey,Godart,tgodartej@answers.com,Female
525,Jessa,Tanslie,jtanslieek@lulu.com,Female
526,Felice,Boissier,fboissierel@state.tx.us,Male
527,Jerrylee,Bloxland,jbloxlandem@answers.com,Female
528,Merline,Bootyman,mbootymanen@wired.com,Female
529,Elly,Bencher,ebenchereo@cloudflare.com,Male
530,Winnie,Sopp,wsoppep@independent.co.uk,Female
531,Shanda,Pillington,spillingtoneq@theguardian.com,Genderfluid
532,Trista,Plowman,tplowmaner@wufoo.com,Female
533,Hestia,Heinonen,hheinonenes@soundcloud.com,Female
534,Cob,Ronchetti,cronchettiet@epa.gov,Male
535,Pat,Clues,pclueseu@walmart.com,Male
536,Filmore,Stryde,fstrydeev@wikipedia.org,Non-binary
537,Vasilis,MacNeish,vmacneishew@yelp.com,Male
538,Willi,Willgoss,wwillgossex@pbs.org,Male
539,Keeley,Orringe,korringeey@umich.edu,Female
540,Lanae,Raccio,lraccioez@time.com,Male
541,Morie,Shwalbe,mshwalbef0@cargocollective.com,Male
542,Daniele,Ochterlony,dochterlonyf1@scribd.com,Female
543,Colan,Bosdet,cbosdetf2@comsenz.com,Agender
544,Ted,Dikelin,tdikelinf3@bing.com,Female
545,Cele,Batthew,cbatthewf4@purevolume.com,Female
546,Zacharias,Fannon,zfannonf5@usa.gov,Female
547,Lissie,Draycott,ldraycottf6@nytimes.com,Male
548,Horatia,Druitt,hdruittf7@live.com,Female
549,Beverly,Easlea,beasleaf8@bandcamp.com,Male
550,Ab,Domini,adominif9@admin.ch,Female
551,Charmaine,McGerraghty,cmcgerraghtyfa@reuters.com,Male
552,Olympe,Andrieu,oandrieufb@webnode.com,Male
553,Kriste,Blench,kblenchfc@163.com,Agender
554,Theadora,Revans,trevansfd@slashdot.org,Female
555,Tybie,Epp,teppfe@yelp.com,Male
556,Addie,Pickle,apickleff@cbslocal.com,Female
557,Clarissa,Kidsley,ckidsleyfg@liveinternet.ru,Bigender
558,Buddy,MacCrann,bmaccrannfh@biglobe.ne.jp,Male
559,Justino,McCrudden,jmccruddenfi@wufoo.com,Genderqueer
560,Odie,Anfosso,oanfossofj@yandex.ru,Male
561,Kassie,Monni,kmonnifk@utexas.edu,Polygender
562,Gill,Klauer,gklauerfl@cyberchimps.com,Male
563,Berty,Barrington,bbarringtonfm@youtu.be,Agender
564,Pauli,Potticary,ppotticaryfn@auda.org.au,Female
565,Augusto,Guerre,aguerrefo@timesonline.co.uk,Female
566,Torey,Ivanonko,tivanonkofp@dion.ne.jp,Male
567,Angelina,Gras,agrasfq@soup.io,Female
568,Sargent,O'Loghlen,sologhlenfr@vk.com,Male
569,Merill,Metschke,mmetschkefs@pen.io,Female
570,Darice,Tweedell,dtweedellft@dion.ne.jp,Female
571,Krisha,Witherdon,kwitherdonfu@chicagotribune.com,Female
572,Marc,Domenicone,mdomeniconefv@cisco.com,Male
573,Tad,Olliar,tolliarfw@shareasale.com,Male
574,Melisent,Angric,mangricfx@tumblr.com,Female
575,Boniface,Ordelt,bordeltfy@slashdot.org,Female
576,Cleveland,Sambell,csambellfz@addthis.com,Male
577,Ardeen,Burstow,aburstowg0@eepurl.com,Polygender
578,Chauncey,Callender,ccallenderg1@taobao.com,Bigender
579,Terry,Bramble,tbrambleg2@storify.com,Female
580,Christopher,Coultous,ccoultousg3@jalbum.net,Female
581,Hill,Stratton,hstrattong4@t.co,Bigender
582,Brittany,Stivens,bstivensg5@unicef.org,Female
583,Erl,Renol,erenolg6@yellowbook.com,Male
584,Eddie,Schoolfield,eschoolfieldg7@google.cn,Male
585,Kimbell,Doonican,kdoonicang8@tuttocitta.it,Male
586,Kelvin,Humphris,khumphrisg9@hc360.com,Female
587,Ediva,Skerme,eskermega@chronoengine.com,Female
588,Millie,Gebhard,mgebhardgb@nps.gov,Male
589,Hermina,Smaling,hsmalinggc@soup.io,Male
590,Vida,MacKnockiter,vmacknockitergd@soup.io,Male
591,Bamby,Dishmon,bdishmonge@pbs.org,Female
592,Talya,Lavarack,tlavarackgf@youtube.com,Female
593,Kettie,McIlherran,kmcilherrangg@hatena.ne.jp,Male
594,Floris,Rathke,frathkegh@scribd.com,Male
595,Leighton,Duly,ldulygi@arstechnica.com,Male
596,Levey,Gossart,lgossartgj@etsy.com,Male
597,Elisabetta,Rigler,eriglergk@smugmug.com,Female
598,Valencia,Bagehot,vbagehotgl@irs.gov,Female
599,Henry,Shortt,hshorttgm@smh.com.au,Male
600,Lillis,Bradtke,lbradtkegn@squarespace.com,Genderfluid
601,Devy,Ropking,dropkinggo@google.ca,Female
602,Aarika,Dorre,adorregp@amazon.de,Female
603,Shelley,O'Loughane,soloughanegq@eventbrite.com,Female
604,Ketty,Bernardotti,kbernardottigr@bloomberg.com,Female
605,Rockey,Martyn,rmartyngs@privacy.gov.au,Male
606,Beckie,Hunnable,bhunnablegt@usnews.com,Non-binary
607,Lyssa,Campo,lcampogu@google.ru,Male
608,Ellsworth,Vynall,evynallgv@usgs.gov,Male
609,Laura,Byrde,lbyrdegw@ucsd.edu,Male
610,Goober,Fritz,gfritzgx@who.int,Female
611,Haskell,Trytsman,htrytsmangy@examiner.com,Female
612,Kenna,Leban,klebangz@people.com.cn,Female
613,Paolo,Vannet,pvanneth0@altervista.org,Male
614,Aretha,Canto,acantoh1@seesaa.net,Bigender
615,Francine,MacKeague,fmackeagueh2@google.com.au,Male
616,Lucilia,Mayes,lmayesh3@barnesandnoble.com,Male
617,Meta,Hucke,mhuckeh4@mozilla.org,Male
618,Philippa,Bedin,pbedinh5@i2i.jp,Female
619,Crissy,Milstead,cmilsteadh6@yandex.ru,Female
620,Sonny,Girton,sgirtonh7@bloglovin.com,Female
621,Artemas,Burchfield,aburchfieldh8@sourceforge.net,Polygender
622,Philip,Trodden,ptroddenh9@reverbnation.com,Male
623,Cori,Ivakhnov,civakhnovha@jiathis.com,Agender
624,Eloise,Shewon,eshewonhb@sciencedaily.com,Female
625,Consalve,Tale,ctalehc@tmall.com,Male
626,Essie,Haw,ehawhd@upenn.edu,Female
627,Bren,Marrow,bmarrowhe@bizjournals.com,Female
628,Evita,Broy,ebroyhf@dagondesign.com,Male
629,Maria,Paddeley,mpaddeleyhg@dot.gov,Female
630,Codee,Fechnie,cfechniehh@salon.com,Male
631,Alanson,Skitch,askitchhi@feedburner.com,Female
632,Ferdinande,Sapseed,fsapseedhj@theatlantic.com,Female
633,Randolph,Paskin,rpaskinhk@php.net,Female
634,Shandy,Copsey,scopseyhl@artisteer.com,Male
635,Dahlia,Nuccii,dnucciihm@sourceforge.net,Female
636,Selia,Janeczek,sjaneczekhn@home.pl,Female
637,Melisse,Hardwich,mhardwichho@homestead.com,Female
638,Adriana,Belch,abelchhp@google.com.au,Male
639,Quent,Hubberstey,qhubbersteyhq@webs.com,Female
640,Nance,Slimm,nslimmhr@addthis.com,Male
641,Anderea,Seaking,aseakinghs@noaa.gov,Polygender
642,Freeland,Curmi,fcurmiht@amazon.de,Male
643,Dianne,Sambiedge,dsambiedgehu@dot.gov,Female
644,Hilde,Marquot,hmarquothv@goo.gl,Female
645,Collete,Bumphrey,cbumphreyhw@weebly.com,Female
646,Viv,Rosenblum,vrosenblumhx@live.com,Genderfluid
647,Bondy,Wallage,bwallagehy@ifeng.com,Male
648,Ketti,Renwick,krenwickhz@umn.edu,Male
649,Jae,Aleksahkin,jaleksahkini0@europa.eu,Male
650,Kalli,Tireman,ktiremani1@devhub.com,Female
651,Hermy,McCathy,hmccathyi2@imdb.com,Polygender
652,Bobina,Dufaur,bdufauri3@sina.com.cn,Male
653,Germain,Blenkensop,gblenkensopi4@wix.com,Male
654,Anselma,Jenkerson,ajenkersoni5@cnet.com,Male
655,Terrill,Icom,ticomi6@abc.net.au,Female
656,Shanda,Bramer,sbrameri7@si.edu,Male
657,Corine,Engeham,cengehami8@zdnet.com,Female
658,Isac,Wicher,iwicheri9@uiuc.edu,Female
659,Shalom,McAnalley,smcanalleyia@yale.edu,Female
660,Kaja,Luxmoore,kluxmooreib@chicagotribune.com,Female
661,Bev,MacKimmie,bmackimmieic@miibeian.gov.cn,Male
662,Aile,Yglesias,ayglesiasid@google.cn,Male
663,Corette,Ondrusek,condrusekie@blogs.com,Male
664,Wynn,Gon,wgonif@boston.com,Polygender
665,Bendick,Linstead,blinsteadig@addtoany.com,Polygender
666,Nicole,Kernoghan,nkernoghanih@github.io,Male
667,Ruben,Gaiford,rgaifordii@soundcloud.com,Female
668,Corrie,Fawcitt,cfawcittij@e-recht24.de,Male
669,Amber,Slavin,aslavinik@indiegogo.com,Male
670,Ardis,Hartman,ahartmanil@geocities.com,Male
671,Ulick,Mungan,umunganim@paypal.com,Male
672,Timi,Cullerne,tcullernein@t-online.de,Female
673,Buddy,Gatchel,bgatchelio@liveinternet.ru,Female
674,Mari,Sandars,msandarsip@archive.org,Male
675,Wilie,Gillicuddy,wgillicuddyiq@state.gov,Female
676,Franky,Fowell,ffowellir@netlog.com,Female
677,Hanny,Paolone,hpaoloneis@aol.com,Female
678,Frederique,Poytress,fpoytressit@gravatar.com,Female
679,Alf,Shere,ashereiu@apache.org,Female
680,Lauryn,Macauley,lmacauleyiv@about.com,Agender
681,Clarine,McCaskill,cmccaskilliw@github.io,Female
682,Adrea,Biermatowicz,abiermatowiczix@diigo.com,Female
683,Hildegaard,Szapiro,hszapiroiy@so-net.ne.jp,Male
684,Laura,Noddles,lnoddlesiz@hexun.com,Female
685,Lil,Samwaye,lsamwayej0@bandcamp.com,Female
686,Bram,Devigne,bdevignej1@smh.com.au,Female
687,Grayce,Karleman,gkarlemanj2@linkedin.com,Male
688,Jamey,Cockcroft,jcockcroftj3@psu.edu,Female
689,Teodorico,Morrad,tmorradj4@nih.gov,Female
690,Arnuad,Swyer,aswyerj5@tripadvisor.com,Male
691,Libbey,Chaikovski,lchaikovskij6@jiathis.com,Male
692,Lisette,Cayette,lcayettej7@blogspot.com,Female
693,Annadiana,Chasier,achasierj8@1und1.de,Female
694,Flossy,Litton,flittonj9@dailymotion.com,Male
695,Kiele,Siemandl,ksiemandlja@umn.edu,Male
696,Boycey,Stollmeier,bstollmeierjb@infoseek.co.jp,Male
697,Nelly,Antal,nantaljc@ow.ly,Female
698,Roanna,Wemes,rwemesjd@amazon.de,Male
699,Lamond,Durnall,ldurnallje@fastcompany.com,Male
700,Damiano,Goodwill,dgoodwilljf@mail.ru,Male
701,Clarissa,McOmish,cmcomishjg@patch.com,Female
702,Alida,Laurant,alaurantjh@deliciousdays.com,Female
703,Angelina,Pheasant,apheasantji@dmoz.org,Female
704,Gabriella,Beccero,gbeccerojj@theglobeandmail.com,Male
705,Harcourt,Soggee,hsoggeejk@admin.ch,Female
706,Kaela,Capitano,kcapitanojl@freewebs.com,Male
707,Moyra,Oram,moramjm@huffingtonpost.com,Female
708,Lurette,Egell,legelljn@unicef.org,Female
709,Ab,Veare,avearejo@360.cn,Female
710,Bendick,Darter,bdarterjp@cbslocal.com,Male
711,Shaw,Woodnutt,swoodnuttjq@exblog.jp,Female
712,Jude,Densie,jdensiejr@pcworld.com,Male
713,Joannes,Gibbons,jgibbonsjs@imgur.com,Male
714,Junina,Inglese,jinglesejt@dedecms.com,Female
715,Shellysheldon,Labeuil,slabeuilju@infoseek.co.jp,Male
716,Matthew,Keenan,mkeenanjv@msu.edu,Genderqueer
717,Raye,Reuben,rreubenjw@craigslist.org,Female
718,Tiertza,Mayer,tmayerjx@163.com,Male
719,Francklin,Beining,fbeiningjy@goo.ne.jp,Male
720,Andrew,Donnersberg,adonnersbergjz@shareasale.com,Male
721,Charlean,Harbottle,charbottlek0@loc.gov,Male
722,Ric,Dawidman,rdawidmank1@yahoo.co.jp,Female
723,Devin,Verbeek,dverbeekk2@adobe.com,Male
724,Alaric,Pinel,apinelk3@issuu.com,Agender
725,Rodger,McKellar,rmckellark4@geocities.com,Female
726,Lazarus,Dolley,ldolleyk5@hp.com,Female
727,Yasmin,Adelman,yadelmank6@comcast.net,Male
728,Kit,Inglesant,kinglesantk7@microsoft.com,Female
729,Essie,Domerque,edomerquek8@oakley.com,Male
730,Diannne,Featenby,dfeatenbyk9@artisteer.com,Male
731,Louisette,Levensky,llevenskyka@cloudflare.com,Female
732,Winnifred,Charopen,wcharopenkb@scribd.com,Female
733,Tedd,Imms,timmskc@addtoany.com,Female
734,Hilliary,Nockles,hnockleskd@booking.com,Male
735,Electra,Toderbrugge,etoderbruggeke@furl.net,Male
736,Farrand,Flaonier,fflaonierkf@ow.ly,Male
737,Culley,Tozer,ctozerkg@census.gov,Male
738,Georgeanna,Beesey,gbeeseykh@nba.com,Male
739,Tallou,Sansun,tsansunki@google.pl,Male
740,Chrissy,Dionisio,cdionisiokj@typepad.com,Male
741,Aylmer,Matschek,amatschekkk@blinklist.com,Male
742,Ally,Gaskin,agaskinkl@desdev.cn,Male
743,Lauryn,Mathan,lmathankm@deviantart.com,Male
744,Marsh,Badsey,mbadseykn@washington.edu,Female
745,Carolee,Hallagan,challaganko@purevolume.com,Female
746,Livvy,Shickle,lshicklekp@goo.gl,Genderfluid
747,Yankee,Papen,ypapenkq@technorati.com,Male
748,Julie,Peaker,jpeakerkr@nhs.uk,Female
749,Oralla,Martell,omartellks@yellowpages.com,Male
750,Hyacinthe,MacRanald,hmacranaldkt@t.co,Female
751,Chico,Scneider,cscneiderku@unc.edu,Male
752,Kimbra,Sutterfield,ksutterfieldkv@tinypic.com,Female
753,Augy,Edscer,aedscerkw@seattletimes.com,Agender
754,Frederica,Desorts,fdesortskx@salon.com,Male
755,Moss,Joules,mjoulesky@cnn.com,Female
756,Sayers,Unsworth,sunsworthkz@examiner.com,Male
757,Wilmer,Jahncke,wjahnckel0@exblog.jp,Male
758,Allison,Brooksbank,abrooksbankl1@deliciousdays.com,Male
759,Hazel,Liddle,hliddlel2@msn.com,Male
760,Jilly,Bodimeade,jbodimeadel3@parallels.com,Male
761,Nolie,Jekyll,njekylll4@pinterest.com,Female
762,Tris,Hurkett,thurkettl5@wikispaces.com,Female
763,Case,Andries,candriesl6@hc360.com,Male
764,Siusan,Denacamp,sdenacampl7@answers.com,Female
765,Amaleta,Feaks,afeaksl8@nature.com,Male
766,Alfredo,Boorne,aboornel9@lycos.com,Female
767,Fayette,Larret,flarretla@yahoo.co.jp,Female
768,Minna,Pioli,mpiolilb@oaic.gov.au,Male
769,Gibby,Sebley,gsebleylc@weibo.com,Female
770,Darcie,Imm,dimmld@blogspot.com,Male
771,Phylis,Mayes,pmayesle@joomla.org,Male
772,Cord,Chasteau,cchasteaulf@weather.com,Male
773,Ortensia,Clemas,oclemaslg@cdc.gov,Female
774,Townsend,Lisciandri,tlisciandrilh@pagesperso-orange.fr,Female
775,Karry,Hairesnape,khairesnapeli@cornell.edu,Male
776,Laird,Losselyong,llosselyonglj@friendfeed.com,Female
777,Errol,Croxley,ecroxleylk@sohu.com,Male
778,Matt,Theze,mthezell@arizona.edu,Male
779,Dag,Fairnington,dfairningtonlm@si.edu,Male
780,Baxie,Clorley,bclorleyln@statcounter.com,Male
781,Camel,Emanulsson,cemanulssonlo@unesco.org,Female
782,Gale,Dugdale,gdugdalelp@ca.gov,Male
783,Yolanda,Le Fleming,ylefleminglq@netscape.com,Female
784,Tersina,Walhedd,twalheddlr@eepurl.com,Male
785,Branden,Crudgington,bcrudgingtonls@bbb.org,Male
786,Cirstoforo,Kingsnoad,ckingsnoadlt@mediafire.com,Male
787,Nickolaus,Athridge,nathridgelu@state.tx.us,Male
788,Humfrid,Attiwill,hattiwilllv@ustream.tv,Female
789,Fabe,Petheridge,fpetheridgelw@squidoo.com,Female
790,Morley,Blasgen,mblasgenlx@jugem.jp,Male
791,Yalonda,Raxworthy,yraxworthyly@examiner.com,Genderqueer
792,Dulcie,Longmaid,dlongmaidlz@google.co.jp,Female
793,Fawnia,Eliassen,feliassenm0@disqus.com,Male
794,Mitchel,Mara,mmaram1@zimbio.com,Female
795,Carrol,Dooher,cdooherm2@samsung.com,Male
796,Ezri,Goade,egoadem3@state.tx.us,Female
797,Dimitri,Lusher,dlusherm4@desdev.cn,Male
798,Aarika,Huntingford,ahuntingfordm5@oaic.gov.au,Male
799,Hannie,Sauven,hsauvenm6@typepad.com,Female
800,Addi,Lymer,alymerm7@jimdo.com,Male
801,Skell,Burbudge,sburbudgem8@tamu.edu,Female
802,Gusella,Desantis,gdesantism9@upenn.edu,Male
803,Ilise,Plait,iplaitma@hexun.com,Male
804,Ginger,Langeren,glangerenmb@qq.com,Polygender
805,Addy,Gozney,agozneymc@usnews.com,Male
806,Freedman,Dederick,fdederickmd@stumbleupon.com,Male
807,Vasili,Gerrad,vgerradme@hao123.com,Female
808,Koren,Janko,kjankomf@people.com.cn,Male
809,Georgie,Benoi,gbenoimg@wikispaces.com,Male
810,Ellette,Corns,ecornsmh@cyberchimps.com,Male
811,Candy,Tant,ctantmi@ycombinator.com,Female
812,Olivie,Jaggs,ojaggsmj@mapquest.com,Male
813,Amabelle,Spivie,aspiviemk@epa.gov,Male
814,Jamil,Shaul,jshaulml@mapquest.com,Female
815,Raven,Simonetto,rsimonettomm@eepurl.com,Male
816,Gun,Avery,gaverymn@prnewswire.com,Genderfluid
817,Sissy,McClymont,smcclymontmo@studiopress.com,Male
818,Ashlin,Orman,aormanmp@posterous.com,Female
819,Freddie,Turri,fturrimq@hugedomains.com,Male
820,Katey,Hartin,khartinmr@fotki.com,Male
821,Sibylle,Winchurst,swinchurstms@cloudflare.com,Female
822,Clementine,Pickthall,cpickthallmt@huffingtonpost.com,Female
823,Jayson,Braidon,jbraidonmu@imgur.com,Male
824,Bartholomeus,Perrygo,bperrygomv@ifeng.com,Female
825,Diarmid,Laws,dlawsmw@oakley.com,Male
826,Brocky,Manvell,bmanvellmx@t.co,Female
827,Gae,Whitehorn,gwhitehornmy@merriam-webster.com,Female
828,Neron,MacBey,nmacbeymz@linkedin.com,Bigender
829,Arie,Sandyford,asandyfordn0@accuweather.com,Female
830,Ancell,Dursley,adursleyn1@barnesandnoble.com,Male
831,Britni,Doughill,bdoughilln2@booking.com,Female
832,Jeniffer,Cunningham,jcunninghamn3@youtube.com,Female
833,Matthias,Abbot,mabbotn4@nbcnews.com,Male
834,Clay,Romney,cromneyn5@techcrunch.com,Female
835,Dee,Cardenas,dcardenasn6@bloglines.com,Female
836,Inigo,Waddilove,iwaddiloven7@zdnet.com,Female
837,Alexandro,Colgan,acolgann8@answers.com,Male
838,Romy,Cescotti,rcescottin9@goo.gl,Female
839,Nike,Labrenz,nlabrenzna@shareasale.com,Male
840,Octavius,Stockton,ostocktonnb@scientificamerican.com,Male
841,Giles,Robak,grobaknc@php.net,Male
842,Marita,Astley,mastleynd@adobe.com,Genderqueer
843,Hansiain,Duding,hdudingne@mozilla.org,Female
844,Cecilius,Okenfold,cokenfoldnf@blogs.com,Female
845,Granville,O'Dowd,godowdng@woothemes.com,Male
846,Mallissa,Ribeiro,mribeironh@psu.edu,Female
847,Tanhya,Johanning,tjohanningni@economist.com,Male
848,Melessa,Gyngell,mgyngellnj@accuweather.com,Male
849,Blinni,Toohey,btooheynk@livejournal.com,Male
850,Philomena,Calderon,pcalderonnl@about.com,Female
851,Chas,Alasdair,calasdairnm@intel.com,Female
852,Darnall,Lembke,dlembkenn@slate.com,Female
853,Rollo,Zaniolo,rzaniolono@newsvine.com,Male
854,Cointon,MacGillreich,cmacgillreichnp@amazonaws.com,Female
855,Jacquelin,Kew,jkewnq@ibm.com,Female
856,Regan,Colt,rcoltnr@google.cn,Female
857,Pete,Hannis,phannisns@bing.com,Male
858,Roana,MacArthur,rmacarthurnt@statcounter.com,Non-binary
859,Marinna,Clymo,mclymonu@feedburner.com,Female
860,Jeremiah,Skillitt,jskillittnv@imgur.com,Female
861,Gunilla,Dighton,gdightonnw@networkadvertising.org,Female
862,Aldo,Ramos,aramosnx@comsenz.com,Female
863,Caye,Daskiewicz,cdaskiewiczny@irs.gov,Female
864,Collin,Audry,caudrynz@shinystat.com,Male
865,Margit,Penny,mpennyo0@un.org,Female
866,Oralla,Corinton,ocorintono1@biglobe.ne.jp,Female
867,Loni,Ondra,londrao2@github.com,Polygender
868,Corny,Bateup,cbateupo3@nba.com,Genderqueer
869,Andrei,Walshaw,awalshawo4@webmd.com,Female
870,Rodolphe,Goodey,rgoodeyo5@miitbeian.gov.cn,Female
871,Penn,Vassel,pvasselo6@youtube.com,Female
872,Cissiee,Bernetti,cbernettio7@jugem.jp,Female
873,Grissel,Swedeland,gswedelando8@usgs.gov,Female
874,Eachelle,Diess,ediesso9@zimbio.com,Male
875,Keith,Pren,kprenoa@nasa.gov,Female
876,Rivy,Hartup,rhartupob@hc360.com,Male
877,Janith,MacDougal,jmacdougaloc@storify.com,Male
878,Munroe,Boscher,mboscherod@mapy.cz,Male
879,Petra,Antonomolii,pantonomoliioe@plala.or.jp,Male
880,Moshe,Croke,mcrokeof@scientificamerican.com,Genderfluid
881,Krystalle,Mytton,kmyttonog@slate.com,Female
882,Collen,Farney,cfarneyoh@mozilla.org,Female
883,Christoffer,Cockley,ccockleyoi@yelp.com,Polygender
884,Dino,Degue,ddegueoj@eventbrite.com,Male
885,Zarla,Schorah,zschorahok@answers.com,Male
886,Rosalinda,Overlow,roverlowol@photobucket.com,Female
887,Ransell,Benedicte,rbenedicteom@cnbc.com,Male
888,Reagan,Bilsland,rbilslandon@huffingtonpost.com,Female
889,Melantha,Hasell,mhaselloo@ucoz.ru,Male
890,Freddie,Aldersley,faldersleyop@usa.gov,Male
891,Derick,Annes,dannesoq@examiner.com,Male
892,Claribel,Ehlerding,cehlerdingor@prweb.com,Male
893,Sabine,Phillipson,sphillipsonos@wiley.com,Male
894,Audra,Baines,abainesot@discuz.net,Female
895,Samuel,Dodamead,sdodameadou@nyu.edu,Male
896,Adelice,Eydel,aeydelov@samsung.com,Female
897,Perice,Scouller,pscoullerow@usgs.gov,Female
898,Nathalie,Rutledge,nrutledgeox@chronoengine.com,Female
899,Jonah,Limeburner,jlimeburneroy@salon.com,Male
900,Clair,Tomaszczyk,ctomaszczykoz@soup.io,Female
901,Dido,Chasmoor,dchasmoorp0@guardian.co.uk,Female
902,Janice,Lanphier,jlanphierp1@addthis.com,Female
903,Chane,Speck,cspeckp2@facebook.com,Male
904,Drucill,Entissle,dentisslep3@europa.eu,Female
905,Gino,Todaro,gtodarop4@rambler.ru,Female
906,Selma,Nuemann,snuemannp5@prweb.com,Male
907,Gavra,Thewys,gthewysp6@cafepress.com,Female
908,Reba,Castellaccio,rcastellacciop7@mtv.com,Male
909,Kylie,Saunter,ksaunterp8@stanford.edu,Female
910,Estele,Vondruska,evondruskap9@mayoclinic.com,Male
911,Hillier,Rydeard,hrydeardpa@theglobeandmail.com,Female
912,Shela,Kingswood,skingswoodpb@google.co.jp,Female
913,Trev,Lauder,tlauderpc@reverbnation.com,Female
914,Osborne,Solway,osolwaypd@hugedomains.com,Female
915,Ad,Duer,aduerpe@dyndns.org,Genderqueer
916,Harold,Bryning,hbryningpf@upenn.edu,Female
917,Lloyd,Bartleet,lbartleetpg@ning.com,Male
918,Edythe,Taplin,etaplinph@weebly.com,Male
919,Jean,Gales,jgalespi@patch.com,Male
920,Malory,Guiduzzi,mguiduzzipj@ed.gov,Male
921,Bartel,Tidman,btidmanpk@tumblr.com,Female
922,Laurent,Huck,lhuckpl@cyberchimps.com,Female
923,Kellie,Leser,kleserpm@dedecms.com,Female
924,Sada,Leiden,sleidenpn@paypal.com,Female
925,Kit,Bryden,kbrydenpo@wiley.com,Male
926,Noell,Bathersby,nbathersbypp@yale.edu,Bigender
927,Daven,Wressell,dwressellpq@bloglines.com,Male
928,Marlo,Geraldez,mgeraldezpr@diigo.com,Male
929,Leeann,Daventry,ldaventryps@baidu.com,Male
930,Arly,Elson,aelsonpt@blinklist.com,Female
931,Tan,Usher,tusherpu@zimbio.com,Female
932,Nickey,Bennetto,nbennettopv@t-online.de,Male
933,Claudian,Gland,cglandpw@seesaa.net,Female
934,Preston,Presnell,ppresnellpx@squarespace.com,Male
935,Julissa,Quarry,jquarrypy@networkadvertising.org,Female
936,Leandra,Spain,lspainpz@cocolog-nifty.com,Female
937,Byron,Stanion,bstanionq0@wiley.com,Female
938,Rennie,Grafton,rgraftonq1@independent.co.uk,Male
939,Lavinia,Doumerc,ldoumercq2@aboutads.info,Female
940,Enrica,Squelch,esquelchq3@shinystat.com,Female
941,Katya,Silley,ksilleyq4@posterous.com,Male
942,Francoise,Morewood,fmorewoodq5@github.com,Female
943,Adrianne,Wenden,awendenq6@mapy.cz,Male
944,Lilllie,Deedes,ldeedesq7@clickbank.net,Female
945,Trevar,Melchior,tmelchiorq8@yolasite.com,Genderfluid
946,Concordia,Gooderridge,cgooderridgeq9@google.ru,Female
947,Jeane,Henryson,jhenrysonqa@globo.com,Male
948,Betti,Sheilds,bsheildsqb@usa.gov,Male
949,Anderea,Tee,ateeqc@stanford.edu,Male
950,Benedetta,Redgate,bredgateqd@phoca.cz,Genderqueer
951,Bill,Fawbert,bfawbertqe@tmall.com,Female
952,Ludovika,Desaur,ldesaurqf@marketwatch.com,Male
953,Tobi,Brunesco,tbrunescoqg@msu.edu,Agender
954,Stefano,Beretta,sberettaqh@google.pl,Female
955,Gaylord,Armal,garmalqi@canalblog.com,Female
956,Burk,Grenshiels,bgrenshielsqj@last.fm,Polygender
957,Erin,Needham,eneedhamqk@home.pl,Male
958,Freddie,Kauschke,fkauschkeql@meetup.com,Male
959,Elizabet,Banister,ebanisterqm@ucla.edu,Male
960,Nelie,Roxburgh,nroxburghqn@lulu.com,Male
961,Elsa,Megroff,emegroffqo@dedecms.com,Bigender
962,Karissa,Penrith,kpenrithqp@fotki.com,Male
963,Ricky,Bodell,rbodellqq@gizmodo.com,Male
964,Remy,Andreini,randreiniqr@naver.com,Female
965,Ginelle,McAlinden,gmcalindenqs@elegantthemes.com,Male
966,Lukas,Rocco,lroccoqt@cnet.com,Female
967,Boony,Lafontaine,blafontainequ@netlog.com,Female
968,Rhona,Lambertz,rlambertzqv@webnode.com,Female
969,Sofie,Hindes,shindesqw@about.com,Genderfluid
970,Kim,Findlow,kfindlowqx@hugedomains.com,Male
971,Rob,Tremayne,rtremayneqy@t.co,Male
972,Mollee,Carrabot,mcarrabotqz@indiatimes.com,Female
973,Leigh,Callicott,lcallicottr0@devhub.com,Polygender
974,Chryste,Dradey,cdradeyr1@biblegateway.com,Female
975,Gottfried,Tunna,gtunnar2@twitpic.com,Female
976,Cassandre,Hanes,chanesr3@hostgator.com,Male
977,Odele,Hatterslay,ohatterslayr4@storify.com,Female
978,Lauraine,Wraith,lwraithr5@google.com.br,Female
979,Christabella,Armour,carmourr6@cbsnews.com,Male
980,Clarinda,Cinelli,ccinellir7@themeforest.net,Female
981,Hyacinthie,Tindle,htindler8@tamu.edu,Female
982,Wilfrid,Hawker,whawkerr9@infoseek.co.jp,Female
983,Brantley,Border,bborderra@usa.gov,Female
984,Enos,Derx,ederxrb@cnbc.com,Male
985,Kristina,Smidmore,ksmidmorerc@scribd.com,Female
986,Abigail,Cockman,acockmanrd@independent.co.uk,Bigender
987,Nikkie,Iczokvitz,niczokvitzre@merriam-webster.com,Male
988,Catlaina,Glaze,cglazerf@oakley.com,Female
989,Korie,Kitt,kkittrg@rediff.com,Female
990,Marci,Woolerton,mwoolertonrh@usa.gov,Male
991,Cinda,Leiden,cleidenri@addtoany.com,Male
992,Glynn,Moorton,gmoortonrj@howstuffworks.com,Male
993,Nola,Giannasi,ngiannasirk@wunderground.com,Male
994,Angeline,Toman,atomanrl@pbs.org,Bigender
995,Tedda,Mityakov,tmityakovrm@soup.io,Female
996,Thorsten,Rawson,trawsonrn@altervista.org,Bigender
997,Astrix,Tattersdill,atattersdillro@g.co,Male
998,Cherice,MacCoughan,cmaccoughanrp@taobao.com,Male
999,Jayme,Spaight,jspaightrq@liveinternet.ru,Female
1000,Diandra,Guidi,dguidirr@mozilla.com,Female
